{
  "project_info": {
    "project_number": "801767835347",
    "project_id": "appdara-73b9c",
    "storage_bucket": "appdara-73b9c.appspot.com"
  },
  "client": [
    {
      "client_info": {
        "mobilesdk_app_id": "1:801767835347:android:4e06c472eca1acdf047626",
        "android_client_info": {
          "package_name": "com.mycompany.users"
        }
      },
      "oauth_client": [
        {
          "client_id": "801767835347-ac721bfh1jhi2h79g9cp5a36sgjkh9eb.apps.googleusercontent.com",
          "client_type": 3
        }
      ],
      "api_key": [
        {
          "current_key": "AIzaSyCk_ym1C4j3X3UYZX4RaLoB5K3IoUL7xsc"
        }
      ],
      "services": {
        "appinvite_service": {
          "other_platform_oauth_client": [
            {
              "client_id": "801767835347-ac721bfh1jhi2h79g9cp5a36sgjkh9eb.apps.googleusercontent.com",
              "client_type": 3
            },
            {
              "client_id": "801767835347-p0bdjp7rlucn8qifm0kd1mogkl5381d0.apps.googleusercontent.com",
              "client_type": 2,
              "ios_info": {
                "bundle_id": "com.mycompany.users"
              }
            }
          ]
        }
      }
    }
  ],
  "configuration_version": "1"
}